Frame Number,Main Thread,System Used Memory,GC Reserved Memory,Total Reserved Memory,NFE Snapshot Tick,NFE Snapshot Size (bits),NFE RTT,NFE Jitter,Multiplay FPS,Multiplay BitRate In,Multiplay BitRate Out,Multiplay RTT (ms),Multiplay PacketLoss,Number of Terrain Areas (Client),Number of Terrain Areas (Server),Number of Players (Client),Number of Players (Server)
1,0,1609768960,1488609280,2696120778,3819,0,0,0,0,0,0,0,0,,,,
2373,12333800,1609838592,1488609280,2729189980,0,0,0,0,0,0,0,0,0,0,19,0,1
2374,2599600,1609838592,1488609280,2729189980,0,0,0,0,0,0,0,0,0,0,19,0,1
2375,17632500,1610002432,1488609280,2729189980,505,0,0,0,0,0,0,0,0,0,29,0,1
2376,18317700,1611108352,1488609280,2762744412,506,150,0,0,0,0,0,0,0,0,39,0,10
2377,9194500,1611714560,1488609280,2762744412,507,150,0,0,0,0,0,0,0,0,49,0,10
2378,4366500,1611714560,1488609280,2762744412,507,150,0,0,0,0,0,0,0,0,49,0,10
2379,9029000,1612636160,1488609280,2779521628,508,449,0,0,0,0,0,0,0,0,59,0,10
2380,2545100,1612636160,1488609280,2779521628,508,449,0,0,0,0,0,0,0,0,59,0,10
2381,2440500,1612636160,1488609280,2779521628,508,449,0,0,0,0,0,0,0,0,59,0,10
2382,5795200,1612636160,1488609280,2779521844,508,449,0,0,0,0,0,0,0,0,59,0,10
2383,4942400,1613414400,1488609280,2779521844,509,377,0,0,0,0,0,0,0,0,69,0,10
2384,2777300,1613647872,1488609280,2796299060,509,377,0,0,0,0,0,0,0,0,69,0,10
2385,2612000,1614147584,1488609280,2813076276,509,377,0,0,0,0,0,0,0,0,69,0,10
2386,2121600,1614147584,1488609280,2813076276,509,377,0,0,0,0,0,0,0,0,69,0,10
2387,4659400,1615626240,1488609280,2846630708,510,234747,0,0,0,0,0,0,0,0,76,0,10
2388,3423800,1615749120,1488609280,2863407924,510,234747,0,0,0,0,0,0,0,0,76,0,10
2389,2388800,1615953920,1488609280,2863407924,510,234747,0,0,0,0,0,0,0,0,76,0,10
2390,2367600,1615953920,1488609280,2863407924,510,234747,0,0,0,0,0,0,0,0,76,0,10
2391,2574000,1615953920,1488609280,2863407924,510,234747,0,0,0,0,0,0,0,0,76,0,10
2392,4459200,1616314368,1488609280,2880185140,511,559820,0,0,0,0,0,0,0,0,76,0,10
2393,2013000,1616637952,1488609280,2896962356,511,559820,0,0,0,0,0,0,0,0,76,0,10
2394,2182800,1617207296,1488609280,2913739572,511,559820,0,0,0,0,0,0,0,0,76,0,10
2395,2447400,1617317888,1488609280,2930516788,511,559820,0,0,0,0,0,0,0,0,76,0,10
2396,2780800,1617317888,1488609280,2930516788,511,559820,0,0,0,0,0,0,0,0,76,0,10
2397,2247500,1617317888,1488609280,2930516788,511,559820,0,0,0,0,0,0,0,0,76,0,10
2398,13515700,1617637376,1488609280,2947294004,512,264030,0,0,0,0,0,0,0,0,76,0,10
2399,3642800,1617637376,1488609280,2947294004,512,264030,0,0,0,0,0,0,0,0,76,0,10
2400,9363400,1618690048,1488609280,2997625652,513,782102,0,0,0,0,0,0,0,0,76,0,10
2401,4345300,1618690048,1488609280,2997625652,513,782102,0,0,0,0,0,0,0,0,76,0,10
2402,3621200,1618690048,1488609280,2997625652,513,782102,0,0,0,0,0,0,0,0,76,0,10
2403,5593300,1618690048,1488609280,2997625652,514,782273,0,0,0,0,0,0,0,0,76,0,10
2404,4413800,1619738624,1488609280,3047957300,514,782273,0,0,0,0,0,0,0,0,76,0,10
2405,5239700,1619738624,1488609280,3047957300,514,782273,0,0,0,0,0,0,0,0,76,0,10
2406,11450800,1621848064,1488609280,3165397812,515,782274,0,0,0,0,0,0,0,0,76,0,10
2407,4963500,1621848064,1488609280,3165397812,515,782274,0,0,0,0,0,0,0,0,76,0,10
2408,6593700,1621856256,1488609280,3165397596,516,782030,0,0,0,0,0,0,0,0,76,0,10
2409,3584100,1621860352,1488609280,3165397596,516,782030,0,0,0,0,0,0,0,0,76,0,10
2410,3621700,1621864448,1488609280,3165397596,516,782030,0,0,0,0,0,0,0,0,76,0,10
2411,5094400,1621868544,1488609280,3165397596,516,782030,0,0,0,0,0,0,0,0,76,0,10
2412,7714600,1622601728,1488609280,3198952028,517,782263,0,0,0,0,0,0,0,0,76,0,10
2413,3605300,1623523328,1488609280,3198952028,517,782263,0,0,0,0,0,0,0,0,76,0,10
2414,4388800,1623523328,1488609280,3198952028,517,782263,0,0,0,0,0,0,0,0,76,0,10
2415,4537400,1623523328,1488609280,3198952028,518,782198,0,0,0,0,0,0,0,0,76,0,10
2416,2136800,1623797760,1488609280,3198952028,518,782198,0,0,0,0,0,0,0,0,76,0,10
2417,2322200,1626009600,1488609280,3198952028,518,782198,0,0,0,0,0,0,0,0,76,0,10
2418,2199600,1626009600,1488609280,3198952028,518,782198,0,0,0,0,0,0,0,0,76,0,10
2419,1894900,1626009600,1488609280,3198952028,518,782198,0,0,0,0,0,0,0,0,76,0,10
2420,2074500,1626009600,1488609280,3198952028,518,782198,0,0,0,0,0,0,0,0,76,0,10
2421,7043100,1626095616,1488609280,3198952028,519,787853,0,0,0,0,0,0,0,0,76,0,10
2422,4419600,1627545600,1488609280,3198952028,519,787853,0,0,0,0,0,0,0,0,76,0,10
2423,3393200,1627545600,1488609280,3198952028,519,787853,0,0,0,0,0,0,0,0,76,0,10
2424,3273900,1627545600,1488609280,3198952028,519,787853,0,0,0,0,0,0,0,0,76,0,10
2425,4182600,1627545600,1488609280,3198952028,520,786626,0,0,0,0,0,0,0,0,76,0,10
2426,1973100,1627545600,1488609280,3198952028,520,786626,0,0,0,0,0,0,0,0,76,0,10
2427,2274300,1628680192,1488609280,3215729244,520,786626,0,0,0,0,0,0,0,0,76,0,10
2428,2277000,1629061120,1488609280,3215729244,520,786626,0,0,0,0,0,0,0,0,76,0,10
2429,2306300,1629089792,1488609280,3215729244,520,786626,0,0,0,0,0,0,0,0,76,0,10
2430,2243300,1629089792,1488609280,3215729244,520,786626,0,0,0,0,0,0,0,0,76,0,10
2431,10716000,1630633984,1488609280,3232506676,521,782535,0,0,0,0,0,0,0,0,76,0,10
2432,2521100,1630633984,1488609280,3232506676,521,782535,0,0,0,0,0,0,0,0,76,0,10
2433,2484300,1630633984,1488609280,3232506676,521,782535,0,0,0,0,0,0,0,0,76,0,10
2434,5041900,1631350784,1488609280,3232506676,522,782432,0,0,0,0,0,0,0,0,76,0,10
2435,2763100,1632444416,1488609280,3266061108,522,782432,0,0,0,0,0,0,0,0,76,0,10
2436,3049600,1632526336,1488609280,3266061108,522,782432,0,0,0,0,0,0,0,0,76,0,10
2437,2484400,1632526336,1488609280,3266061108,522,782432,0,0,0,0,0,0,0,0,76,0,10
2438,2569700,1632526336,1488609280,3266061108,522,782432,0,0,0,0,0,0,0,0,76,0,10
2439,4417900,1633890304,1488609280,3266061108,523,709421,0,0,0,0,0,0,0,0,76,0,10
2440,4263400,1634402304,1488609280,3266061108,523,709421,0,0,0,0,0,0,0,0,76,0,10
2441,3318500,1634402304,1488609280,3266061108,523,709421,0,0,0,0,0,0,0,0,76,0,10
2442,4354200,1634402304,1488609280,3266061108,523,709421,0,0,0,0,0,0,0,0,76,0,10
2443,8081600,1635258368,1488609280,3266061108,524,550181,0,0,0,0,0,0,0,0,76,0,10
2444,2718600,1635323904,1488609280,3266061108,524,550181,0,0,0,0,0,0,0,0,76,0,10
2445,2283200,1635323904,1488609280,3266061108,524,550181,0,0,0,0,0,0,0,0,76,0,10
2446,2690300,1635323904,1488609280,3266061108,524,550181,0,0,0,0,0,0,0,0,76,0,10
2447,4442200,1636143104,1488609280,3266061108,525,236200,0,0,0,0,0,0,0,0,76,0,10
2448,2653700,1636982784,1488609280,3299615540,525,236200,0,0,0,0,0,0,0,0,76,0,10
2449,2471500,1637081088,1488609280,3299615432,525,236200,0,0,0,0,0,0,0,0,76,0,10
2450,2223800,1637081088,1488609280,3299615432,525,236200,0,0,0,0,0,0,0,0,76,0,10
2451,2257000,1637081088,1488609280,3299615432,525,236200,0,0,0,0,0,0,0,0,76,0,10
2452,2638800,1637081088,1488609280,3299615432,525,236200,0,0,0,0,0,0,0,0,76,0,10
2453,6816200,1637990400,1488609280,3299615432,526,625960,0,0,0,0,0,0,0,0,76,0,10
2454,4463700,1638514688,1488609280,3299615432,526,625960,0,0,0,0,0,0,0,0,76,0,10
2455,4018400,1638514688,1488609280,3299615432,526,625960,0,0,0,0,0,0,0,0,76,0,10
2456,3977700,1638514688,1488609280,3299615432,526,625960,0,0,0,0,0,0,0,0,76,0,10
2457,9059300,1639956480,1488609280,3316392540,527,469761,0,0,0,0,0,0,0,0,76,0,10
2458,4595700,1639956480,1488609280,3316392540,527,469761,0,0,0,0,0,0,0,0,76,0,10
2459,8787200,1640980480,1488609280,3316392540,528,396723,0,0,0,0,0,0,0,0,76,0,10
2460,4835400,1640980480,1488609280,3316392540,528,396723,0,0,0,0,0,0,0,0,76,0,10
2461,4066000,1640980480,1488609280,3316392540,528,396723,0,0,0,0,0,0,0,0,76,0,10
2462,18129400,1641390080,1488609280,3316392540,529,706288,0,0,0,0,0,0,0,0,76,0,10
2463,5845500,1642524672,1488609280,3333169756,530,392677,0,0,0,0,0,0,0,0,76,0,10
2464,7881100,1642872832,1488609280,3349946972,530,392677,0,0,0,0,0,0,0,0,76,0,10
2465,6020700,1644609536,1488609280,3366724188,531,625493,0,0,0,0,0,0,0,0,76,0,10
2466,4498200,1644843008,1488609280,3383501404,531,625493,0,0,0,0,0,0,0,0,76,0,10
2467,5051700,1644847104,1488609280,3383501404,531,625493,0,0,0,0,0,0,0,0,76,0,10
2468,12350200,1645965312,1488609280,3400278620,532,312906,0,0,0,0,0,0,0,0,76,0,10
2469,5568100,1645965312,1488609280,3400278620,532,312906,0,0,0,0,0,0,0,0,76,0,10
2470,20682400,1647026176,1488609280,3400278836,533,156933,0,0,0,0,0,0,0,0,76,0,10
2471,5808900,1648136192,1488609280,3400278836,534,470240,0,0,0,0,0,0,0,0,76,0,10
2472,3874300,1648136192,1488609280,3400278836,534,470240,0,0,0,0,0,0,0,0,76,0,10
2473,4602900,1648750592,1488609280,3400278836,535,469303,0,0,0,0,0,0,0,0,76,0,10
2474,3219300,1649373184,1488609280,3417056052,535,469303,0,0,0,0,0,0,0,0,76,0,10
2475,2917000,1649475584,1488609280,3417056052,535,469303,0,0,0,0,0,0,0,0,76,0,10
2476,2579600,1649475584,1488609280,3417056052,535,469303,0,0,0,0,0,0,0,0,76,0,10
2477,2277200,1649475584,1488609280,3417056052,535,469303,0,0,0,0,0,0,0,0,76,0,10
2478,2394900,1649475584,1488609280,3417056052,535,469303,0,0,0,0,0,0,0,0,76,0,10
2479,4631800,1649987584,1488609280,3417056052,536,314229,0,0,0,0,0,0,0,0,76,0,10
2480,2257200,1650397184,1488609280,3417056052,536,314229,0,0,0,0,0,0,0,0,76,0,10
2481,2438800,1650397184,1488609280,3417056052,536,314229,0,0,0,0,0,0,0,0,76,0,10
2482,2597100,1650397184,1488609280,3417056052,536,314229,0,0,0,0,0,0,0,0,76,0,10
2483,2536000,1650397184,1488609280,3417056052,536,314229,0,0,0,0,0,0,0,0,76,0,10
2484,2513700,1650397184,1488609280,3417056052,536,314229,0,0,0,0,0,0,0,0,76,0,10
2485,3871900,1650806784,1488609280,3417056052,537,470716,0,0,0,0,0,0,0,0,76,0,10
2486,4382900,1651335168,1488609280,3450610484,537,470716,0,0,0,0,0,0,0,0,76,0,10
2487,4286700,1651335168,1488609280,3450610484,537,470716,0,0,0,0,0,0,0,0,76,0,10
2488,4597100,1651335168,1488609280,3450610484,537,470716,0,0,0,0,0,0,0,0,76,0,10
2489,8203000,1652154368,1488609280,3450610484,538,391362,0,0,0,0,0,0,0,0,76,0,10
2490,4476000,1652154368,1488609280,3450610268,538,391362,0,0,0,0,0,0,0,0,76,0,10
2491,4941300,1652154368,1488609280,3450610268,538,391362,0,0,0,0,0,0,0,0,76,0,10
2492,7749200,1653436416,1488609280,3450610268,539,624982,0,0,0,0,0,0,0,0,76,0,10
2493,4827000,1653485568,1488609280,3450610268,539,624982,0,0,0,0,0,0,0,0,76,0,10
2494,8296200,1654951936,1488609280,3467387484,540,548186,0,0,0,0,0,0,0,0,76,0,10
2495,2869500,1655062528,1488609280,3484164700,540,548186,0,0,0,0,0,0,0,0,76,0,10
2496,2251600,1655062528,1488609280,3484164700,540,548186,0,0,0,0,0,0,0,0,76,0,10
2497,2042800,1655062528,1488609280,3484164700,540,548186,0,0,0,0,0,0,0,0,76,0,10
2498,2169900,1655062528,1488609280,3484164700,540,548186,0,0,0,0,0,0,0,0,76,0,10
2499,3932500,1655336960,1488609280,3500941916,541,391202,0,0,0,0,0,0,0,0,76,0,10
2500,10356300,1656942592,1488609280,3517719132,541,391202,0,0,0,0,0,0,0,0,76,0,10
2501,13507400,1659146240,1488609280,3584827996,542,392112,0,0,0,0,0,0,0,0,76,0,10
2502,5670600,1659146240,1488609280,3584827996,542,392112,0,0,0,0,0,0,0,0,76,0,10
2503,9187800,1660903424,1488609280,3618382428,543,782566,0,0,0,0,0,0,0,0,76,0,10
2504,5241800,1660903424,1488609280,3618382428,543,782566,0,0,0,0,0,0,0,0,76,0,10
2505,10127800,1662476288,1488609280,3685491292,544,548199,0,0,0,0,0,0,0,0,76,0,10
2506,4668900,1662476288,1488609280,3685491292,544,548199,0,0,0,0,0,0,0,0,76,0,10
2507,4716500,1662476288,1488609280,3685491292,544,548199,0,0,0,0,0,0,0,0,76,0,10
2508,12947000,1662996480,1488609280,3685491292,545,391368,0,0,0,0,0,0,0,0,76,0,10
2509,12019200,1663836160,1488609280,3719045724,546,547025,0,0,0,0,0,0,0,0,76,0,10
2510,4045100,1663836160,1488609280,3719045724,546,547025,0,0,0,0,0,0,0,0,76,0,10
2511,4539500,1663836160,1488609280,3719045724,546,547025,0,0,0,0,0,0,0,0,76,0,10
2512,10065500,1664860160,1488609280,3719045724,547,547448,0,0,0,0,0,0,0,0,76,0,10
2513,7028200,1664860160,1488609280,3719045724,547,547448,0,0,0,0,0,0,0,0,76,0,10
2514,14701300,1665781760,1488609280,3719045724,548,625243,0,0,0,0,0,0,0,0,76,0,10
2515,9878800,1666138112,1488609280,3735822940,549,469474,0,0,0,0,0,0,0,0,76,0,10
2516,6175700,1666301952,1488609280,3735822940,549,469474,0,0,0,0,0,0,0,0,76,0,10
2517,10515900,1666830336,1488609280,3752600156,550,157989,0,0,0,0,0,0,0,0,76,0,10
2518,5214200,1666830336,1488609280,3752600156,550,157989,0,0,0,0,0,0,0,0,76,0,10
2519,11688200,1668296704,1488609280,3802931804,551,391880,0,0,0,0,0,0,0,0,76,0,10
2520,5497900,1668296704,1488609280,3802931804,551,391880,0,0,0,0,0,0,0,0,76,0,10
2521,11027400,1669238784,1488609280,3836486236,552,470120,0,0,0,0,0,0,0,0,76,0,10
2522,7691000,1669238784,1488609280,3836486236,552,470120,0,0,0,0,0,0,0,0,76,0,10
2523,11906500,1671225344,1488609280,3886817884,553,468990,0,0,0,0,0,0,0,0,76,0,10
2524,12953900,1672278016,1488609280,3920372316,554,468918,0,0,0,0,0,0,0,0,76,0,10
2525,7920900,1672278016,1488609280,3920372316,554,468918,0,0,0,0,0,0,0,0,76,0,10
2526,12741100,1673428992,1488609280,3970703964,555,469422,0,0,0,0,0,0,0,0,76,0,10
2527,16079500,1674489856,1488609280,4021035612,556,469245,0,0,0,0,0,0,0,0,76,0,10
2528,8478100,1675694080,1488609280,4021035612,557,703057,0,0,0,0,0,0,0,0,76,0,10
2529,5485400,1676013568,1488609280,4037812828,557,703057,0,0,0,0,0,0,0,0,76,0,10
2530,13826600,1678348288,1488609280,4054590044,558,703025,0,0,0,0,0,0,0,0,76,0,10
2531,4291700,1678348288,1488609280,4054590044,558,703025,0,0,0,0,0,0,0,0,76,0,10
2532,6131900,1679171584,1488609280,4054590044,559,548283,0,0,0,0,0,0,0,0,76,0,10
2533,4189000,1679486976,1488609280,4071367260,559,548283,0,0,0,0,0,0,0,0,76,0,10
2534,2996000,1679486976,1488609280,4071367260,559,548283,0,0,0,0,0,0,0,0,76,0,10
2535,2321100,1679486976,1488609280,4071367260,559,548283,0,0,0,0,0,0,0,0,76,0,10
2536,2272600,1679486976,1488609280,4071367260,559,548283,0,0,0,0,0,0,0,0,76,0,10
2537,5200800,1680093184,1488609280,4071367260,560,627172,0,0,0,0,0,0,0,0,76,0,10
2538,2619800,1681121280,1488609280,4071367260,560,627172,0,0,0,0,0,0,0,0,76,0,10
2539,2975900,1681121280,1488609280,4071367260,560,627172,0,0,0,0,0,0,0,0,76,0,10
2540,4081800,1681121280,1488609280,4071367260,560,627172,0,0,0,0,0,0,0,0,76,0,10
2541,6127800,1681747968,1488609280,4088144476,561,313281,0,0,0,0,0,0,0,0,76,0,10
2542,2457900,1682145280,1488609280,4088144476,561,313281,0,0,0,0,0,0,0,0,76,0,10
2543,2515000,1682161664,1488609280,4088144476,561,313281,0,0,0,0,0,0,0,0,76,0,10
2544,2369500,1682161664,1488609280,4088144476,561,313281,0,0,0,0,0,0,0,0,76,0,10
2545,2434000,1682161664,1488609280,4088144476,561,313281,0,0,0,0,0,0,0,0,76,0,10
2546,10163700,1683206144,1488609280,4121698908,562,626305,0,0,0,0,0,0,0,0,76,0,10
2547,4933600,1683206144,1488609280,4121698908,562,626305,0,0,0,0,0,0,0,0,76,0,10
2548,4434900,1683206144,1488609280,4121698908,562,626305,0,0,0,0,0,0,0,0,76,0,10
2549,7647900,1683791872,1488609280,4155253340,563,547002,0,0,0,0,0,0,0,0,76,0,10
2550,2880500,1684467712,1488609280,4172030556,563,547002,0,0,0,0,0,0,0,0,76,0,10
2551,2650300,1684467712,1488609280,4172030556,563,547002,0,0,0,0,0,0,0,0,76,0,10
2552,4305200,1684574208,1488609280,4172030556,564,703125,0,0,0,0,0,0,0,0,76,0,10
2553,2283800,1684987904,1488609280,4188807772,564,703125,0,0,0,0,0,0,0,0,76,0,10
2554,2593700,1686036480,1488609280,4205584988,564,703125,0,0,0,0,0,0,0,0,76,0,10
2555,2290600,1686036480,1488609280,4205584988,564,703125,0,0,0,0,0,0,0,0,76,0,10
2556,2286300,1686036480,1488609280,4205584988,564,703125,0,0,0,0,0,0,0,0,76,0,10
2557,2540400,1686036480,1488609280,4205584988,564,703125,0,0,0,0,0,0,0,0,76,0,10
2558,4436000,1686761472,1488609280,4222362204,565,703478,0,0,0,0,0,0,0,0,76,0,10
2559,3428500,1686974464,1488609280,4239139420,565,703478,0,0,0,0,0,0,0,0,76,0,10
2560,3335000,1686974464,1488609280,4239139420,565,703478,0,0,0,0,0,0,0,0,76,0,10
2561,2693800,1686974464,1488609280,4239139420,565,703478,0,0,0,0,0,0,0,0,76,0,10
2562,2539200,1686974464,1488609280,4239139420,565,703478,0,0,0,0,0,0,0,0,76,0,10
2563,2781300,1686974464,1488609280,4239139420,565,703478,0,0,0,0,0,0,0,0,76,0,10
2564,4747700,1687588864,1488609280,4239139420,566,782431,0,0,0,0,0,0,0,0,76,0,10
2565,2720300,1688027136,1488609280,4255916636,566,782431,0,0,0,0,0,0,0,0,76,0,10
2566,2640600,1688215552,1488609280,4255916636,566,782431,0,0,0,0,0,0,0,0,76,0,10
2567,2898000,1688215552,1488609280,4255916636,566,782431,0,0,0,0,0,0,0,0,76,0,10
2568,2956500,1688215552,1488609280,4255916636,566,782431,0,0,0,0,0,0,0,0,76,0,10
2569,5638400,1688842240,1488609280,4272693852,567,236106,0,0,0,0,0,0,0,0,76,0,10
2570,2703800,1688944640,1488609280,4272693852,567,236106,0,0,0,0,0,0,0,0,76,0,10
2571,2528400,1688944640,1488609280,4272693852,567,236106,0,0,0,0,0,0,0,0,76,0,10
2572,2317400,1688944640,1488609280,4272693852,567,236106,0,0,0,0,0,0,0,0,76,0,10
2573,2162000,1688944640,1488609280,4272693852,567,236106,0,0,0,0,0,0,0,0,76,0,10
2574,10490200,1690730496,1488609280,4339802716,568,469552,0,0,0,0,0,0,0,0,76,0,10
2575,5245600,1690730496,1488609280,4339802716,568,469552,0,0,0,0,0,0,0,0,76,0,10
2576,9417200,1692086272,1488609280,4356579932,569,391661,0,0,0,0,0,0,0,0,76,0,10
2577,4179500,1692086272,1488609280,4356579932,569,391661,0,0,0,0,0,0,0,0,76,0,10
2578,3850200,1692086272,1488609280,4356579932,569,391661,0,0,0,0,0,0,0,0,76,0,10
2579,8026300,1692512256,1488609280,4390134364,570,625409,0,0,0,0,0,0,0,0,76,0,10
2580,7065300,1692934144,1488609280,4406911580,570,625409,0,0,0,0,0,0,0,0,76,0,10
2581,6156000,1693360128,1488609280,4423688796,571,234892,0,0,0,0,0,0,0,0,76,0,10
2582,4418200,1693782016,1488609280,4440466012,571,234892,0,0,0,0,0,0,0,0,76,0,10
2583,3580000,1693782016,1488609280,4440466012,571,234892,0,0,0,0,0,0,0,0,76,0,10
2584,3497800,1693782016,1488609280,4440466012,571,234892,0,0,0,0,0,0,0,0,76,0,10
2585,15268500,1694609408,1488609280,4457243228,572,703422,0,0,0,0,0,0,0,0,76,0,10
2586,13617000,1695547392,1488609280,4474020444,573,547778,0,0,0,0,0,0,0,0,76,0,10
2587,5350100,1695547392,1488609280,4474020444,573,547778,0,0,0,0,0,0,0,0,76,0,10
2588,11356000,1696284672,1488609280,4507574876,574,314156,0,0,0,0,0,0,0,0,76,0,10
2589,5375200,1696284672,1488609280,4507574876,574,314156,0,0,0,0,0,0,0,0,76,0,10
2590,11027600,1697415168,1488609280,4507574876,575,625622,0,0,0,0,0,0,0,0,76,0,10
2591,5679000,1697415168,1488609280,4507574876,575,625622,0,0,0,0,0,0,0,0,76,0,10
2592,9587600,1698451456,1488609280,4524352092,576,547323,0,0,0,0,0,0,0,0,76,0,10
2593,5347800,1698451456,1488609280,4524352092,576,547323,0,0,0,0,0,0,0,0,76,0,10
2594,4891000,1699082240,1488609280,4557906524,577,235329,0,0,0,0,0,0,0,0,76,0,10
2595,5144400,1699799040,1488609280,4557906524,577,235329,0,0,0,0,0,0,0,0,76,0,10
2596,5226600,1699799040,1488609280,4557906524,577,235329,0,0,0,0,0,0,0,0,76,0,10
2597,9233000,1700843520,1488609280,4591460956,578,625073,0,0,0,0,0,0,0,0,76,0,10
2598,4505600,1700843520,1488609280,4591460956,578,625073,0,0,0,0,0,0,0,0,76,0,10
2599,4633200,1700843520,1488609280,4591460956,578,625073,0,0,0,0,0,0,0,0,76,0,10
2600,6227700,1701068800,1488609280,4608238172,579,625202,0,0,0,0,0,0,0,0,76,0,10
2601,4185800,1701691392,1488609280,4625015388,579,625202,0,0,0,0,0,0,0,0,76,0,10
2602,4308600,1701691392,1488609280,4625015388,579,625202,0,0,0,0,0,0,0,0,76,0,10
2603,7579700,1702121472,1488609280,4658569820,580,547294,0,0,0,0,0,0,0,0,76,0,10
2604,7667300,1702240256,1488609280,4658569820,580,547294,0,0,0,0,0,0,0,0,76,0,10
2605,7315200,1702240256,1488609280,4658569820,581,548077,0,0,0,0,0,0,0,0,76,0,10
2606,5137300,1702764544,1488609280,4675347036,581,548077,0,0,0,0,0,0,0,0,76,0,10
2607,3067000,1702764544,1488609280,4675347036,581,548077,0,0,0,0,0,0,0,0,76,0,10
2608,2717500,1702764544,1488609280,4675347036,581,548077,0,0,0,0,0,0,0,0,76,0,10
2609,11789700,1703931904,1488609280,4725678684,582,547988,0,0,0,0,0,0,0,0,76,0,10
2610,5976000,1703931904,1488609280,4725678684,582,547988,0,0,0,0,0,0,0,0,76,0,10
2611,12999700,1704988672,1488609280,4759233116,583,625738,0,0,0,0,0,0,0,0,76,0,10
2612,12144200,1706774528,1488609280,4826341980,584,625027,0,0,0,0,0,0,0,0,76,0,10
2613,5561700,1706774528,1488609280,4826341980,584,625027,0,0,0,0,0,0,0,0,76,0,10
2614,12579000,1707507712,1488609280,4843119196,585,547270,0,0,0,0,0,0,0,0,76,0,10
2615,5882100,1707507712,1488609280,4843119196,585,547270,0,0,0,0,0,0,0,0,76,0,10
2616,12312100,1708437504,1488609280,4859896412,586,625145,0,0,0,0,0,0,0,0,76,0,10
2617,8910400,1708974080,1488609280,4859896412,587,703047,0,0,0,0,0,0,0,0,76,0,10
2618,6395400,1709375488,1488609280,4859896412,587,703047,0,0,0,0,0,0,0,0,76,0,10
2619,6195700,1709375488,1488609280,4859896412,587,703047,0,0,0,0,0,0,0,0,76,0,10
2620,8941800,1710219264,1488609280,4876673628,588,469596,0,0,0,0,0,0,0,0,76,0,10
2621,5218000,1710219264,1488609280,4876673628,588,469596,0,0,0,0,0,0,0,0,76,0,10
2622,7932600,1710637056,1488609280,4893450844,589,470201,0,0,0,0,0,0,0,0,76,0,10
2623,3702200,1711161344,1488609280,4910228060,589,470201,0,0,0,0,0,0,0,0,76,0,10
2624,2528000,1711161344,1488609280,4910228060,589,470201,0,0,0,0,0,0,0,0,76,0,10
2625,7361700,1712300032,1488609280,4960559708,590,392389,0,0,0,0,0,0,0,0,76,0,10
2626,5707500,1712316416,1488609280,4960559708,590,392389,0,0,0,0,0,0,0,0,76,0,10
2627,5814400,1712316416,1488609280,4960559708,590,392389,0,0,0,0,0,0,0,0,76,0,10
2628,4853500,1713078272,1488609280,4994114140,591,703044,0,0,0,0,0,0,0,0,76,0,10
2629,2362300,1713553408,1488609280,5010891356,591,703044,0,0,0,0,0,0,0,0,76,0,10
2630,6481400,1714102272,1488609280,5027668572,591,703044,0,0,0,0,0,0,0,0,76,0,10
2631,10099300,1714929664,1488609280,5044445788,592,703390,0,0,0,0,0,0,0,0,76,0,10
2632,17441500,1715564544,1488609280,5078000220,592,703390,0,0,0,0,0,0,0,0,76,0,10
2633,30838700,1714466816,1488609280,5078000220,593,703161,0,0,0,0,0,0,0,0,76,0,10
2634,16466900,1707229184,1488609280,5111554652,595,469032,0,0,0,0,0,0,0,0,76,0,10
2635,5424300,1706389504,1488609280,5111554652,596,0,0,0,0,0,0,0,0,0,76,0,10
2636,3115000,1705754624,1488609280,5111554652,596,0,0,0,0,0,0,0,0,0,76,0,10
2637,7423700,1702809600,1488609280,5145109084,597,314817,0,0,0,0,0,0,0,0,76,0,10
2638,3056500,1701457920,1488609280,5145109084,597,314817,0,0,0,0,0,0,0,0,76,0,10
2639,5793100,1701457920,1488609280,5145109084,597,314817,0,0,0,0,0,0,0,0,76,0,10
2640,10331400,1697456128,1488609280,5161886300,598,548681,0,0,0,0,0,0,0,0,76,0,10
2641,4734600,1697456128,1488609280,5161886300,598,548681,0,0,0,0,0,0,0,0,76,0,10
2642,4349200,1697456128,1488609280,5161886300,598,548681,0,0,0,0,0,0,0,0,76,0,10
2643,9656400,1693265920,1488609280,5195440732,599,703066,0,0,0,0,0,0,0,0,76,0,10
2644,4231300,1693265920,1488609280,5195440732,599,703066,0,0,0,0,0,0,0,0,76,0,10
2645,8235600,1691066368,1488609280,5228995164,600,391236,0,0,0,0,0,0,0,0,76,0,10
2646,4181200,1691066368,1488609280,5228995164,600,391236,0,0,0,0,0,0,0,0,76,0,10
2647,4108100,1691066368,1488609280,5228995164,600,391236,0,0,0,0,0,0,0,0,76,0,10
2648,12323400,1691484160,1488609280,5245772380,601,703051,0,0,0,0,0,0,0,0,76,0,10
2649,4793900,1691484160,1488609280,5245772380,601,703051,0,0,0,0,0,0,0,0,76,0,10
2650,9954200,1692516352,1488609280,5262549596,602,703045,0,0,0,0,0,0,0,0,76,0,10
2651,4582300,1692516352,1488609280,5262549596,602,703045,0,0,0,0,0,0,0,0,76,0,10
2652,9210900,1696952320,1488609280,5296104028,603,781126,0,0,0,0,0,0,0,0,76,0,10
2653,4200600,1696952320,1488609280,5296104028,603,781126,0,0,0,0,0,0,0,0,76,0,10
2654,3945400,1696952320,1488609280,5296104028,603,781126,0,0,0,0,0,0,0,0,76,0,10
2655,6733100,1697714176,1488609280,5296104028,604,703116,0,0,0,0,0,0,0,0,76,0,10
2656,4810000,1698115584,1488609280,5312881244,604,703116,0,0,0,0,0,0,0,0,76,0,10
2657,4289700,1696686080,1488609280,5329658460,604,703116,0,0,0,0,0,0,0,0,76,0,10
2658,7634100,1696653312,1488609280,5363212892,605,158327,0,0,0,0,0,0,0,0,76,0,10
2659,4739600,1695813632,1488609280,5363212892,605,158327,0,0,0,0,0,0,0,0,76,0,10
2660,3842400,1695813632,1488609280,5363212892,605,158327,0,0,0,0,0,0,0,0,76,0,10
2661,9153200,1695424512,1488609280,5379990108,606,625926,0,0,0,0,0,0,0,0,76,0,10
2662,3684500,1695424512,1488609280,5379990108,606,625926,0,0,0,0,0,0,0,0,76,0,10
2663,4319200,1695424512,1488609280,5379990108,606,625926,0,0,0,0,0,0,0,0,76,0,10
2664,11597300,1692090368,1488609280,5413544540,607,548038,0,0,0,0,0,0,0,0,76,0,10
2665,5178400,1692090368,1488609280,5413544540,607,548038,0,0,0,0,0,0,0,0,76,0,10
2666,9240100,1691774976,1488609280,5430321756,608,547031,0,0,0,0,0,0,0,0,76,0,10
2667,6608300,1690681344,1488609280,5447098972,608,547031,0,0,0,0,0,0,0,0,76,0,10
2668,12213900,1686589440,1488609280,5480653404,609,625328,0,0,0,0,0,0,0,0,76,0,10
2669,4489000,1686593536,1488609280,5480653404,609,625328,0,0,0,0,0,0,0,0,76,0,10
2670,4635900,1686310912,1488609280,5497430620,610,703078,0,0,0,0,0,0,0,0,76,0,10
2671,2212700,1685024768,1488609280,5497430620,610,703078,0,0,0,0,0,0,0,0,76,0,10
2672,2819000,1685151744,1488609280,5497430620,610,703078,0,0,0,0,0,0,0,0,76,0,10
2673,2730500,1684312064,1488609280,5497430620,610,703078,0,0,0,0,0,0,0,0,76,0,10
2674,4603400,1684312064,1488609280,5497430620,610,703078,0,0,0,0,0,0,0,0,76,0,10
2675,6221100,1680744448,1488609280,5497430620,611,703157,0,0,0,0,0,0,0,0,76,0,10
2676,2513300,1680490496,1488609280,5497430620,611,703157,0,0,0,0,0,0,0,0,76,0,10
2677,2655200,1679687680,1488609280,5497430620,611,703157,0,0,0,0,0,0,0,0,76,0,10
2678,3105800,1679691776,1488609280,5497430620,611,703157,0,0,0,0,0,0,0,0,76,0,10
2679,2639200,1679691776,1488609280,5497430620,611,703157,0,0,0,0,0,0,0,0,76,0,10
2680,8921300,1677385728,1488609280,5530985052,612,703631,0,0,0,0,0,0,0,0,76,0,10
2681,3722400,1677385728,1488609280,5530985052,612,703631,0,0,0,0,0,0,0,0,76,0,10
2682,3115700,1677385728,1488609280,5530985052,612,703631,0,0,0,0,0,0,0,0,76,0,10
2683,4453500,1676652544,1488609280,5530985052,613,391567,0,0,0,0,0,0,0,0,76,0,10
2684,2204400,1675735040,1488609280,5547762268,613,391567,0,0,0,0,0,0,0,0,76,0,10
2685,2873900,1674182656,1488609280,5547762268,613,391567,0,0,0,0,0,0,0,0,76,0,10
2686,3046800,1674235904,1488609280,5547762268,613,391567,0,0,0,0,0,0,0,0,76,0,10
2687,2571300,1674235904,1488609280,5547762268,613,391567,0,0,0,0,0,0,0,0,76,0,10
2688,6278300,1673613312,1488609280,5564539484,614,625736,0,0,0,0,0,0,0,0,76,0,10
2689,4183400,1672773632,1488609280,5564539484,614,625736,0,0,0,0,0,0,0,0,76,0,10
2690,4532000,1672777728,1488609280,5564539484,614,625736,0,0,0,0,0,0,0,0,76,0,10
2691,5630200,1672781824,1488609280,5564539484,614,625736,0,0,0,0,0,0,0,0,76,0,10
2692,9095300,1665773568,1488609280,5614871132,615,703526,0,0,0,0,0,0,0,0,76,0,10
2693,2812600,1664831488,1488609280,5614871132,615,703526,0,0,0,0,0,0,0,0,76,0,10
2694,5869500,1659506688,1488609280,5665202780,616,548150,0,0,0,0,0,0,0,0,76,0,10
2695,2828500,1658048512,1488609280,5681979996,616,548150,0,0,0,0,0,0,0,0,76,0,10
2696,3122900,1658052608,1488609280,5681979996,616,548150,0,0,0,0,0,0,0,0,76,0,10
2697,3327100,1658056704,1488609280,5681979996,616,548150,0,0,0,0,0,0,0,0,76,0,10
2698,3487900,1658060800,1488609280,5681979996,616,548150,0,0,0,0,0,0,0,0,76,0,10
2699,9541500,1656721408,1488609280,5715534428,617,781760,0,0,0,0,0,0,0,0,76,0,10
2700,5396100,1651994624,1488609280,5732311644,617,781760,0,0,0,0,0,0,0,0,76,0,10
2701,7217600,1649479680,1488609280,5765866076,618,781188,0,0,0,0,0,0,0,0,76,0,10
2702,2467400,1648582656,1488609280,5765866076,618,781188,0,0,0,0,0,0,0,0,76,0,10
2703,2804100,1648439296,1488609280,5782643292,618,781188,0,0,0,0,0,0,0,0,76,0,10
2704,2710600,1647927296,1488609280,5782643292,618,781188,0,0,0,0,0,0,0,0,76,0,10
2705,3474700,1647927296,1488609280,5782643292,618,781188,0,0,0,0,0,0,0,0,76,0,10
2706,4514600,1644277760,1488609280,5816197724,619,547324,0,0,0,0,0,0,0,0,76,0,10
2707,2225000,1643864064,1488609280,5832974940,619,547324,0,0,0,0,0,0,0,0,76,0,10
2708,2473500,1642725376,1488609280,5849752156,619,547324,0,0,0,0,0,0,0,0,76,0,10
2709,2257300,1642139648,1488609280,5849752156,619,547324,0,0,0,0,0,0,0,0,76,0,10
2710,2358300,1641988096,1488609280,5849752156,619,547324,0,0,0,0,0,0,0,0,76,0,10
2711,4194300,1640173568,1488609280,5866529372,620,625429,0,0,0,0,0,0,0,0,76,0,10
2712,2214100,1639342080,1488609280,5883306588,620,625429,0,0,0,0,0,0,0,0,76,0,10
2713,2567700,1638662144,1488609280,5900083804,620,625429,0,0,0,0,0,0,0,0,76,0,10
2714,2498800,1638666240,1488609280,5900083804,620,625429,0,0,0,0,0,0,0,0,76,0,10
2715,2569700,1638674432,1488609280,5900083804,620,625429,0,0,0,0,0,0,0,0,76,0,10
2716,3089600,1638682624,1488609280,5900083804,620,625429,0,0,0,0,0,0,0,0,76,0,10
2717,13758800,1637556224,1488609280,5950415452,621,703459,0,0,0,0,0,0,0,0,76,0,10
2718,6253800,1637564416,1488609280,5950415452,621,703459,0,0,0,0,0,0,0,0,76,0,10
2719,10966400,1635049472,1488609280,5967192668,622,625712,0,0,0,0,0,0,0,0,76,0,10
2720,3177200,1635057664,1488609280,5967192668,622,625712,0,0,0,0,0,0,0,0,76,0,10
2721,4665200,1633386496,1488609280,5983969884,623,703484,0,0,0,0,0,0,0,0,76,0,10
2722,2145700,1633525760,1488609280,6000747100,623,703484,0,0,0,0,0,0,0,0,76,0,10
2723,2795100,1631723520,1488609280,6017524316,623,703484,0,0,0,0,0,0,0,0,76,0,10
2724,2787900,1631727616,1488609280,6017524316,623,703484,0,0,0,0,0,0,0,0,76,0,10
2725,2807000,1631727616,1488609280,6017524316,623,703484,0,0,0,0,0,0,0,0,76,0,10
2726,4455300,1630986240,1488609280,6034301532,624,548015,0,0,0,0,0,0,0,0,76,0,10
2727,1999600,1630142464,1488609280,6034301532,624,548015,0,0,0,0,0,0,0,0,76,0,10
2728,2448300,1628495872,1488609280,6067855964,624,548015,0,0,0,0,0,0,0,0,76,0,10
2729,2643800,1628495872,1488609280,6067855964,624,548015,0,0,0,0,0,0,0,0,76,0,10
2730,2754500,1628499968,1488609280,6067855964,624,548015,0,0,0,0,0,0,0,0,76,0,10
2731,2674300,1628512256,1488609280,6067855964,624,548015,0,0,0,0,0,0,0,0,76,0,10
2732,4350600,1627860992,1488609280,6084633180,625,703479,0,0,0,0,0,0,0,0,76,0,10
2733,2168900,1626972160,1488609280,6084633180,625,703479,0,0,0,0,0,0,0,0,76,0,10
2734,2551700,1626120192,1488609280,6101410396,625,703479,0,0,0,0,0,0,0,0,76,0,10
2735,2587100,1626124288,1488609280,6101410396,625,703479,0,0,0,0,0,0,0,0,76,0,10
2736,2167000,1626128384,1488609280,6101410396,625,703479,0,0,0,0,0,0,0,0,76,0,10
2737,2360100,1626128384,1488609280,6101410396,625,703479,0,0,0,0,0,0,0,0,76,0,10
2738,9282400,1622675456,1488609280,6134964828,626,781164,0,0,0,0,0,0,0,0,76,0,10
2739,4394000,1622679552,1488609280,6134964828,626,781164,0,0,0,0,0,0,0,0,76,0,10
2740,3885300,1622683648,1488609280,6134964828,626,781164,0,0,0,0,0,0,0,0,76,0,10
2741,10004400,1620877312,1488609280,6168519260,627,625418,0,0,0,0,0,0,0,0,76,0,10
2742,4875800,1620389888,1488609280,6168519260,627,625418,0,0,0,0,0,0,0,0,76,0,10
2743,9004600,1618837504,1488609280,6202073692,628,625438,0,0,0,0,0,0,0,0,76,0,10
2744,3741200,1617047552,1488609280,6202073692,628,625438,0,0,0,0,0,0,0,0,76,0,10
2745,3405100,1617047552,1488609280,6202073692,628,625438,0,0,0,0,0,0,0,0,76,0,10
2746,9154300,1612386304,1488609280,6269182556,629,625420,0,0,0,0,0,0,0,0,76,0,10
2747,5724300,1612148736,1488609280,6269182556,629,625420,0,0,0,0,0,0,0,0,76,0,10
2748,8739600,1608843264,1488609280,6302736988,630,625791,0,0,0,0,0,0,0,0,76,0,10
2749,4432700,1606721536,1488609280,6302736988,630,625791,0,0,0,0,0,0,0,0,76,0,10
2750,3691500,1606725632,1488609280,6302736988,630,625791,0,0,0,0,0,0,0,0,76,0,10
2751,7798600,1601695744,1488609280,6353068636,631,625369,0,0,0,0,0,0,0,0,76,0,10
2752,5205700,1600249856,1488609280,6353068636,631,625369,0,0,0,0,0,0,0,0,76,0,10
2753,4378000,1600253952,1488609280,6353068636,631,625369,0,0,0,0,0,0,0,0,76,0,10
2754,8604500,1600794624,1488609280,6403400284,632,469954,0,0,0,0,0,0,0,0,76,0,10
2755,5206200,1600565248,1488609280,6403400284,632,469954,0,0,0,0,0,0,0,0,76,0,10
2756,4679000,1597239296,1488609280,6403400284,632,469954,0,0,0,0,0,0,0,0,76,0,10
2757,10782900,1593991168,1488609280,6436954716,633,703412,0,0,0,0,0,0,0,0,76,0,10
2758,2992700,1593991168,1488609280,6436954716,633,703412,0,0,0,0,0,0,0,0,76,0,10
2759,4562300,1593229312,1488609280,6453731932,634,781232,0,0,0,0,0,0,0,0,76,0,10
2760,2045700,1593294848,1488609280,6470509148,634,781232,0,0,0,0,0,0,0,0,76,0,10
2761,2723200,1592537088,1488609280,6470509148,634,781232,0,0,0,0,0,0,0,0,76,0,10
2762,2414500,1591599104,1488609280,6470509148,634,781232,0,0,0,0,0,0,0,0,76,0,10
2763,2376200,1591603200,1488609280,6470509148,634,781232,0,0,0,0,0,0,0,0,76,0,10
2764,2593100,1591615488,1488609280,6470509148,634,781232,0,0,0,0,0,0,0,0,76,0,10
2765,4037700,1590775808,1488609280,6470509148,635,703459,0,0,0,0,0,0,0,0,76,0,10
2766,2364500,1590902784,1488609280,6487286364,635,703459,0,0,0,0,0,0,0,0,76,0,10
2767,2110900,1589432320,1488609280,6487286364,635,703459,0,0,0,0,0,0,0,0,76,0,10
2768,2239400,1589276672,1488609280,6487286364,635,703459,0,0,0,0,0,0,0,0,76,0,10
2769,2481100,1589215232,1488609280,6487286364,635,703459,0,0,0,0,0,0,0,0,76,0,10
2770,2350100,1589215232,1488609280,6487286364,635,703459,0,0,0,0,0,0,0,0,76,0,10
2771,4313600,1588379648,1488609280,6487286364,636,781596,0,0,0,0,0,0,0,0,76,0,10
2772,4619500,1586798592,1488609280,6504063580,636,781596,0,0,0,0,0,0,0,0,76,0,10
2773,3194100,1583886336,1488609280,6504063580,636,781596,0,0,0,0,0,0,0,0,76,0,10
2774,2865600,1583890432,1488609280,6504063580,636,781596,0,0,0,0,0,0,0,0,76,0,10
2775,2839800,1583890432,1488609280,6504063580,636,781596,0,0,0,0,0,0,0,0,76,0,10
2776,5035100,1584001024,1488609280,6504063580,637,703171,0,0,0,0,0,0,0,0,76,0,10
2777,2721400,1581977600,1488609280,6520840796,637,703171,0,0,0,0,0,0,0,0,76,0,10
2778,2922500,1576792064,1488609280,6520840796,637,703171,0,0,0,0,0,0,0,0,76,0,10
2779,2717700,1576656896,1488609280,6520840796,637,703171,0,0,0,0,0,0,0,0,76,0,10
2780,2796800,1576665088,1488609280,6520840796,637,703171,0,0,0,0,0,0,0,0,76,0,10
2781,10703600,1572466688,1488609280,6537618012,638,703935,0,0,0,0,0,0,0,0,76,0,10
2782,3028200,1572470784,1488609280,6537618012,638,703935,0,0,0,0,0,0,0,0,76,0,10
2783,2610700,1572478976,1488609280,6537618012,638,703935,0,0,0,0,0,0,0,0,76,0,10
2784,4758000,1571655680,1488609280,6537618012,639,625687,0,0,0,0,0,0,0,0,76,0,10
2785,2339100,1569955840,1488609280,6537618012,639,625687,0,0,0,0,0,0,0,0,76,0,10
2786,2922400,1569345536,1488609280,6537618012,639,625687,0,0,0,0,0,0,0,0,76,0,10
2787,2752400,1569345536,1488609280,6537618012,639,625687,0,0,0,0,0,0,0,0,76,0,10
2788,2626500,1569353728,1488609280,6537618012,639,625687,0,0,0,0,0,0,0,0,76,0,10
2789,9306800,1569300480,1488609280,6554395228,640,547395,0,0,0,0,0,0,0,0,76,0,10
2790,4922600,1569308672,1488609280,6554395228,640,547395,0,0,0,0,0,0,0,0,76,0,10
2791,4675100,1569308672,1488609280,6554395228,640,547395,0,0,0,0,0,0,0,0,76,0,10
2792,22829500,1567674368,1488609280,6554395228,641,548674,0,0,0,0,0,0,0,0,76,0,10
2793,43031000,1563762688,1488609280,6554395228,642,625268,0,0,0,0,0,0,0,0,76,0,10
2794,11918600,1554345984,1488609280,6554395228,645,0,0,0,0,0,0,0,0,0,76,0,10
2795,2844600,1551826944,1488609280,6554395228,645,0,0,0,0,0,0,0,0,0,76,0,10
2796,377040100,1541255168,1488609280,6554380108,646,0,0,0,0,0,0,0,0,0,76,0,10
2797,227575200,1539911680,1488609280,6554374492,656,0,0,0,0,0,0,0,0,0,76,0,10
2798,45204100,1530265600,1488609280,6554395444,671,0,0,0,0,0,0,0,0,0,76,0,10
2799,168815500,1523646464,1488609280,6554380108,678,0,0,0,0,0,0,0,0,0,76,0,10
2800,18507900,1526116352,1488609280,6554395444,686,0,0,0,0,0,0,0,0,0,76,0,10
2801,6064800,1527877632,1488609280,6554395444,688,0,0,0,0,0,0,0,0,0,86,0,10
2802,5043400,1528791040,1488609280,6554395444,690,80399,0,0,0,0,0,0,0,0,90,0,10
2803,2504800,1528791040,1488609280,6554395444,690,80399,0,0,0,0,0,0,0,0,90,0,10
2804,5672400,1528893440,1488609280,6554395444,690,80399,0,0,0,0,0,0,0,0,90,0,10
2805,5081900,1528901632,1488609280,6554395444,690,80399,0,0,0,0,0,0,0,0,90,0,10
2806,8988100,1529139200,1488609280,6554395444,691,72413,0,0,0,0,0,0,0,0,90,0,10
2807,4209900,1530425344,1488609280,6554395444,691,72413,0,0,0,0,0,0,0,0,90,0,10
2808,2878600,1530425344,1488609280,6554395444,691,72413,0,0,0,0,0,0,0,0,90,0,10
2809,4250200,1531043840,1488609280,6554395444,692,196978,0,0,0,0,0,0,0,0,90,0,10
2810,2136800,1531461632,1488609280,6554395444,692,196978,0,0,0,0,0,0,0,0,90,0,10
2811,3027500,1532383232,1488609280,6554395444,692,196978,0,0,0,0,0,0,0,0,90,0,10
2812,3019300,1532391424,1488609280,6554395444,692,196978,0,0,0,0,0,0,0,0,90,0,10
2813,2448700,1532399616,1488609280,6554395444,692,196978,0,0,0,0,0,0,0,0,90,0,10
2814,4593600,1534779392,1488609280,6554395444,693,726564,0,0,0,0,0,0,0,0,90,0,10
2815,3009300,1535102976,1488609280,6554395444,693,726564,0,0,0,0,0,0,0,0,90,0,10
2816,3228700,1535102976,1488609280,6554395444,693,726564,0,0,0,0,0,0,0,0,90,0,10
2817,2816400,1535111168,1488609280,6554395444,693,726564,0,0,0,0,0,0,0,0,90,0,10
2818,2630400,1535115264,1488609280,6554395444,693,726564,0,0,0,0,0,0,0,0,90,0,10
2819,4535200,1536241664,1488609280,6554395444,694,610252,0,0,0,0,0,0,0,0,90,0,10
2820,3031300,1536552960,1488609280,6554395444,694,610252,0,0,0,0,0,0,0,0,90,0,10
2821,2798400,1536561152,1488609280,6554395444,694,610252,0,0,0,0,0,0,0,0,90,0,10
2822,3025500,1536569344,1488609280,6554395444,694,610252,0,0,0,0,0,0,0,0,90,0,10
2823,2829800,1536573440,1488609280,6554395444,694,610252,0,0,0,0,0,0,0,0,90,0,10
2824,4748900,1536983040,1488609280,6554395228,695,159865,0,0,0,0,0,0,0,0,90,0,10
2825,3662900,1538232320,1488609280,6554395228,695,159865,0,0,0,0,0,0,0,0,90,0,10
2826,4371000,1538314240,1488609280,6554395228,695,159865,0,0,0,0,0,0,0,0,90,0,10
2827,3009300,1538318336,1488609280,6554395228,695,159865,0,0,0,0,0,0,0,0,90,0,10
2828,4680600,1538539520,1488609280,6554395228,696,145982,0,0,0,0,0,0,0,0,90,0,10
2829,2855800,1539166208,1488609280,6554395228,696,145982,0,0,0,0,0,0,0,0,90,0,10
2830,3626300,1539588096,1488609280,6554395228,696,145982,0,0,0,0,0,0,0,0,90,0,10
2831,3417200,1539592192,1488609280,6554395228,696,145982,0,0,0,0,0,0,0,0,90,0,10
2832,2797300,1539592192,1488609280,6554395228,696,145982,0,0,0,0,0,0,0,0,90,0,10
2833,4735000,1539702784,1488609280,6554395228,697,588397,0,0,0,0,0,0,0,0,90,0,10
2834,2576500,1540526080,1488609280,6554395228,697,588397,0,0,0,0,0,0,0,0,90,0,10
2835,3449400,1540739072,1488609280,6554395228,697,588397,0,0,0,0,0,0,0,0,90,0,10
2836,2840100,1540747264,1488609280,6554395228,697,588397,0,0,0,0,0,0,0,0,90,0,10
2837,2566500,1540751360,1488609280,6554395228,697,588397,0,0,0,0,0,0,0,0,90,0,10
2838,4183000,1540759552,1488609280,6554395228,698,647733,0,0,0,0,0,0,0,0,90,0,10
2839,2012200,1540841472,1488609280,6554395228,698,647733,0,0,0,0,0,0,0,0,90,0,10
2840,2383900,1540468736,1488609280,6554395228,698,647733,0,0,0,0,0,0,0,0,90,0,10
2841,2433800,1539645440,1488609280,6554395228,698,647733,0,0,0,0,0,0,0,0,90,0,10
2842,2864500,1539813376,1488609280,6554395228,698,647733,0,0,0,0,0,0,0,0,90,0,10
2843,2623100,1539854336,1488609280,6554395228,698,647733,0,0,0,0,0,0,0,0,90,0,10
2844,4659600,1540272128,1488609280,6554395228,699,720986,0,0,0,0,0,0,0,0,90,0,10
2845,4929700,1539534848,1488609280,6554395228,699,720986,0,0,0,0,0,0,0,0,90,0,10
2846,2999500,1539342336,1488609280,6554395228,699,720986,0,0,0,0,0,0,0,0,90,0,10
2847,4770300,1539346432,1488609280,6554395228,699,720986,0,0,0,0,0,0,0,0,90,0,10
2848,11611200,1536294912,1488609280,6554395228,700,819965,0,0,0,0,0,0,0,0,90,0,10
2849,9762500,1533177856,1488609280,6554395444,700,819965,0,0,0,0,0,0,0,0,90,0,10
2850,5511900,1533386752,1488609280,6554395444,701,658222,0,0,0,0,0,0,0,0,90,0,10
2851,3180500,1534001152,1488609280,6554395444,701,658222,0,0,0,0,0,0,0,0,90,0,10
2852,2778400,1534705664,1488609280,6554395444,701,658222,0,0,0,0,0,0,0,0,90,0,10
2853,6018900,1535737856,1488609280,6554395444,702,742095,0,0,0,0,0,0,0,0,90,0,10
2854,5287800,1536294912,1488609280,6554395444,702,742095,0,0,0,0,0,0,0,0,90,0,10
2855,5813600,1536491520,1488609280,6554395444,702,742095,0,0,0,0,0,0,0,0,90,0,10
2856,17716300,1536520192,1488609280,6554395444,703,736877,0,0,0,0,0,0,0,0,90,0,10
2857,8099800,1536552960,1488609280,6554395444,704,425625,0,0,0,0,0,0,0,0,90,0,10
2858,2678300,1536528384,1488609280,6554395444,704,425625,0,0,0,0,0,0,0,0,90,0,10
2859,2610400,1536712704,1488609280,6554395444,704,425625,0,0,0,0,0,0,0,0,90,0,10
2860,12545800,1536790528,1488609280,6554395444,705,370366,0,0,0,0,0,0,0,0,90,0,10
2861,2747700,1536983040,1488609280,6554395444,705,370366,0,0,0,0,0,0,0,0,90,0,10
2862,2772600,1536991232,1488609280,6554395444,705,370366,0,0,0,0,0,0,0,0,90,0,10
2863,4111700,1537687552,1488609280,6554395444,706,497004,0,0,0,0,0,0,0,0,90,0,10
2864,6551000,1538129920,1488609280,6554395444,706,497004,0,0,0,0,0,0,0,0,90,0,10
2865,5688700,1538134016,1488609280,6554395444,706,497004,0,0,0,0,0,0,0,0,90,0,10
2866,14361600,1538334720,1488609280,6554395444,707,271717,0,0,0,0,0,0,0,0,90,0,10
2867,8800900,1538371584,1488609280,6554395228,708,187749,0,0,0,0,0,0,0,0,90,0,10
2868,2629100,1538359296,1488609280,6554395228,708,187749,0,0,0,0,0,0,0,0,90,0,10
2869,3179500,1538342912,1488609280,6554395228,708,187749,0,0,0,0,0,0,0,0,90,0,10
2870,2420000,1538359296,1488609280,6554395228,708,187749,0,0,0,0,0,0,0,0,90,0,10
2871,4633700,1538617344,1488609280,6554395228,709,259258,0,0,0,0,0,0,0,0,91,0,10
2872,2424800,1539026944,1488609280,6554395228,709,259258,0,0,0,0,0,0,0,0,91,0,10
2873,3361700,1539747840,1488609280,6554395228,709,259258,0,0,0,0,0,0,0,0,91,0,10
2874,4056800,1539747840,1488609280,6554395228,709,259258,0,0,0,0,0,0,0,0,91,0,10
2875,4865100,1539760128,1488609280,6554395228,709,259258,0,0,0,0,0,0,0,0,91,0,10
2876,4995900,1539948544,1488609280,6554395228,710,653718,0,0,0,0,0,0,0,0,91,0,10
2877,2921100,1540120576,1488609280,6554395228,710,653718,0,0,0,0,0,0,0,0,91,0,10
2878,2852000,1540190208,1488609280,6554395228,710,653718,0,0,0,0,0,0,0,0,91,0,10
2879,2351300,1540190208,1488609280,6554395228,710,653718,0,0,0,0,0,0,0,0,91,0,10
2880,4075600,1540190208,1488609280,6554395228,711,432855,0,0,0,0,0,0,0,0,91,0,10
2881,2832500,1540808704,1488609280,6571172444,711,432855,0,0,0,0,0,0,0,0,91,0,10
2882,8875700,1541185536,1488609280,6571172444,711,432855,0,0,0,0,0,0,0,0,91,0,10
2883,13996900,1542332416,1488609280,6571172444,712,574646,0,0,0,0,0,0,0,0,91,0,10
2884,18428300,1542561792,1488609280,6587949660,713,815258,0,0,0,0,0,0,0,0,91,0,10
2885,31829100,1543069696,1488609280,6587949660,714,638243,0,0,0,0,0,0,0,0,91,0,10
2886,12216000,1545388032,1488609280,6587949660,715,638494,0,0,0,0,0,0,0,0,91,0,10
2887,11753300,1546391552,1488609280,6604726876,716,560336,0,0,0,0,0,0,0,0,91,0,10
2888,11027300,1547911168,1488609280,6621504092,717,274334,0,0,0,0,0,0,0,0,91,0,10
2889,8001100,1547943936,1488609280,6621504092,718,240249,0,0,0,0,0,0,0,0,91,0,10
2890,5309300,1547923456,1488609280,6638281308,718,240249,0,0,0,0,0,0,0,0,91,0,10
2891,3854200,1547870208,1488609280,6638281308,718,240249,0,0,0,0,0,0,0,0,91,0,10
2892,9256900,1549041664,1488609280,6655058524,719,424844,0,0,0,0,0,0,0,0,91,0,10
2893,3701200,1549045760,1488609280,6655058524,719,424844,0,0,0,0,0,0,0,0,91,0,10
2894,2512300,1549053952,1488609280,6655058524,719,424844,0,0,0,0,0,0,0,0,91,0,10
2895,2548200,1549058048,1488609280,6655058524,719,424844,0,0,0,0,0,0,0,0,91,0,10
2896,4248700,1549201408,1488609280,6655058524,720,402526,0,0,0,0,0,0,0,0,91,0,10
2897,2934300,1549615104,1488609280,6655058524,720,402526,0,0,0,0,0,0,0,0,91,0,10
2898,4035000,1549615104,1488609280,6655058524,720,402526,0,0,0,0,0,0,0,0,91,0,10
2899,3936500,1549615104,1488609280,6655058524,720,402526,0,0,0,0,0,0,0,0,91,0,10
2900,7223800,1549651968,1488609280,6671835740,721,241003,0,0,0,0,0,0,0,0,91,0,10
2901,5920200,1549877248,1488609280,6688612956,721,241003,0,0,0,0,0,0,0,0,91,0,10
2902,4415100,1549881344,1488609280,6688612956,721,241003,0,0,0,0,0,0,0,0,91,0,10
2903,11257100,1550278656,1488609280,6738944604,722,332448,0,0,0,0,0,0,0,0,91,0,10
2904,4508000,1550286848,1488609280,6738944604,722,332448,0,0,0,0,0,0,0,0,91,0,10
2905,7708600,1551413248,1488609280,6755721820,723,798062,0,0,0,0,0,0,0,0,91,0,10
2906,4968700,1551552512,1488609280,6755721820,723,798062,0,0,0,0,0,0,0,0,91,0,10
2907,4096800,1551556608,1488609280,6755721820,723,798062,0,0,0,0,0,0,0,0,91,0,10
2908,11126900,1551671296,1488609280,6806053468,724,473311,0,0,0,0,0,0,0,0,91,0,10
2909,4858900,1551675392,1488609280,6806053468,724,473311,0,0,0,0,0,0,0,0,91,0,10
2910,9258500,1552052224,1488609280,6822830684,725,427014,0,0,0,0,0,0,0,0,91,0,10
2911,5266900,1552052224,1488609280,6822830684,725,427014,0,0,0,0,0,0,0,0,91,0,10
2912,2947200,1552052224,1488609280,6822830684,725,427014,0,0,0,0,0,0,0,0,91,0,10
2913,4327100,1552261120,1488609280,6822830684,726,550206,0,0,0,0,0,0,0,0,91,0,10
2914,2384200,1552449536,1488609280,6839607900,726,550206,0,0,0,0,0,0,0,0,91,0,10
2915,3226600,1552449536,1488609280,6856385116,726,550206,0,0,0,0,0,0,0,0,91,0,10
2916,3062300,1552453632,1488609280,6856385116,726,550206,0,0,0,0,0,0,0,0,91,0,10
2917,2855600,1552457728,1488609280,6856385116,726,550206,0,0,0,0,0,0,0,0,91,0,10
2918,4484900,1553113088,1488609280,6873162332,727,705709,0,0,0,0,0,0,0,0,91,0,10
2919,2603600,1553326080,1488609280,6873162332,727,705709,0,0,0,0,0,0,0,0,91,0,10
2920,2855300,1553461248,1488609280,6889939548,727,705709,0,0,0,0,0,0,0,0,91,0,10
2921,2676700,1553461248,1488609280,6889939548,727,705709,0,0,0,0,0,0,0,0,91,0,10
2922,2632900,1553461248,1488609280,6889939548,727,705709,0,0,0,0,0,0,0,0,91,0,10
2923,4540900,1554149376,1488609280,6889939548,728,711008,0,0,0,0,0,0,0,0,91,0,10
2924,2474200,1554214912,1488609280,6906716764,728,711008,0,0,0,0,0,0,0,0,91,0,10
2925,2525600,1554219008,1488609280,6906716764,728,711008,0,0,0,0,0,0,0,0,91,0,10
2926,5212600,1554223104,1488609280,6906716764,728,711008,0,0,0,0,0,0,0,0,91,0,10
2927,15069900,1555218432,1488609280,6906716764,729,401338,0,0,0,0,0,0,0,0,91,0,10
2928,5608700,1555218432,1488609280,6906716764,729,401338,0,0,0,0,0,0,0,0,91,0,10
2929,13476500,1556234240,1488609280,6923493980,730,322500,0,0,0,0,0,0,0,0,91,0,10
2930,8538600,1556865024,1488609280,6940271196,731,314863,0,0,0,0,0,0,0,0,91,0,10
2931,5867900,1556865024,1488609280,6940271196,731,314863,0,0,0,0,0,0,0,0,91,0,10
2932,4485300,1556869120,1488609280,6940271196,731,314863,0,0,0,0,0,0,0,0,91,0,10
2933,9385600,1556992000,1488609280,6940271196,732,335177,0,0,0,0,0,0,0,0,91,0,10
2934,5077800,1556987904,1488609280,6940271196,732,335177,0,0,0,0,0,0,0,0,91,0,10
2935,9847300,1558028288,1488609280,6940271196,733,396171,0,0,0,0,0,0,0,0,91,0,10
2936,5104700,1558028288,1488609280,6940271196,733,396171,0,0,0,0,0,0,0,0,91,0,10
2937,4267400,1558040576,1488609280,6940271196,733,396171,0,0,0,0,0,0,0,0,91,0,10
2938,9193200,1558568960,1488609280,6940271196,734,642999,0,0,0,0,0,0,0,0,91,0,10
2939,5085800,1558650880,1488609280,6940271196,734,642999,0,0,0,0,0,0,0,0,91,0,10
2940,10414200,1559101440,1488609280,6940271196,735,343482,0,0,0,0,0,0,0,0,91,0,10
2941,6046200,1559109632,1488609280,6940271196,735,343482,0,0,0,0,0,0,0,0,91,0,10
2942,11026700,1559740416,1488609280,6940271196,736,495424,0,0,0,0,0,0,0,0,91,0,10
2943,4664000,1559748608,1488609280,6940271196,736,495424,0,0,0,0,0,0,0,0,91,0,10
2944,184975800,1560113152,1488609280,6957033292,737,494577,0,0,0,0,0,0,0,0,91,0,10
2945,8093200,1563254784,1488609280,6957048412,745,0,0,0,0,0,0,0,0,0,91,0,10
2946,3155200,1563254784,1488609280,6957048412,745,0,0,0,0,0,0,0,0,0,91,0,10
2947,2704500,1563258880,1488609280,6957048412,745,0,0,0,0,0,0,0,0,0,91,0,10
2948,10572900,1565130752,1488609280,6957048412,748,0,0,0,0,0,0,0,0,0,91,0,10
2949,3536600,1565097984,1488609280,6957048412,748,0,0,0,0,0,0,0,0,0,91,0,10
2950,3122700,1565081600,1488609280,6957048412,748,0,0,0,0,0,0,0,0,0,91,0,10
2951,5570300,1566961664,1488609280,6957048412,750,95949,0,0,0,0,0,0,0,0,91,0,10
2952,2934400,1566949376,1488609280,6957048412,750,95949,0,0,0,0,0,0,0,0,91,0,10
2953,2883000,1566908416,1488609280,6957048412,750,95949,0,0,0,0,0,0,0,0,91,0,10
2954,2985600,1566908416,1488609280,6957048412,750,95949,0,0,0,0,0,0,0,0,91,0,10
2955,2967700,1566912512,1488609280,6957048412,750,95949,0,0,0,0,0,0,0,0,91,0,10
2956,5047600,1567547392,1488609280,6957048412,751,93930,0,0,0,0,0,0,0,0,91,0,10
2957,2734400,1567748096,1488609280,6957048412,751,93930,0,0,0,0,0,0,0,0,91,0,10
2958,7065000,1567625216,1488609280,6957048412,751,93930,0,0,0,0,0,0,0,0,91,0,10
2959,15531000,1567715328,1488609280,6957048412,752,88226,0,0,0,0,0,0,0,0,91,0,10
2960,5859800,1567719424,1488609280,6957048412,752,88226,0,0,0,0,0,0,0,0,91,0,10
2961,12042700,1568272384,1488609280,6957048412,753,218929,0,0,0,0,0,0,0,0,91,0,10
2962,69424000,1569001472,1488609280,6957048412,754,584027,0,0,0,0,0,0,0,0,91,0,10
2963,16242800,1571160064,1488609280,6957048412,758,0,0,0,0,0,0,0,0,0,91,0,10
2964,179259200,1573888000,1488609280,6957033292,759,0,0,0,0,0,0,0,0,0,91,0,10
2965,21383200,1578450944,1488609280,6957048628,767,0,0,0,0,0,0,0,0,0,91,0,10
2966,8774300,1581731840,1488609280,6957048628,770,0,0,0,0,0,0,0,0,0,91,0,10
2967,5020900,1581748224,1488609280,6957048628,770,0,0,0,0,0,0,0,0,0,91,0,10
2968,9560900,1584558080,1488609280,6957048628,772,89584,0,0,0,0,0,0,0,0,91,0,10
2969,5356300,1584558080,1488609280,6957048628,772,89584,0,0,0,0,0,0,0,0,91,0,10
2970,12794700,1586200576,1488609280,6957048628,773,91875,0,0,0,0,0,0,0,0,91,0,10
2971,5720300,1586204672,1488609280,6957048628,773,91875,0,0,0,0,0,0,0,0,91,0,10
2972,13428500,1587752960,1488609280,6957048628,774,83841,0,0,0,0,0,0,0,0,91,0,10
2973,5902000,1587765248,1488609280,6957048628,774,83841,0,0,0,0,0,0,0,0,91,0,10
2974,11529400,1589518336,1488609280,6957048412,775,526170,0,0,0,0,0,0,0,0,91,0,10
2975,14787300,1590849536,1488609280,6957048412,776,524126,0,0,0,0,0,0,0,0,91,0,10
2976,5227600,1590857728,1488609280,6957048412,776,524126,0,0,0,0,0,0,0,0,91,0,10
2977,14348600,1592299520,1488609280,6957048412,777,596184,0,0,0,0,0,0,0,0,91,0,10
2978,11485600,1593741312,1488609280,6957048412,778,424478,0,0,0,0,0,0,0,0,91,0,10
2979,5796800,1593749504,1488609280,6957048412,778,424478,0,0,0,0,0,0,0,0,91,0,10
2980,9023300,1594519552,1488609280,6957048412,779,657728,0,0,0,0,0,0,0,0,91,0,10
2981,5673100,1595199488,1488609280,6957048412,779,657728,0,0,0,0,0,0,0,0,91,0,10
2982,11046500,1596456960,1488609280,6957048412,780,731069,0,0,0,0,0,0,0,0,91,0,10
2983,5292800,1596456960,1488609280,6957048412,780,731069,0,0,0,0,0,0,0,0,91,0,10
2984,7759400,1597333504,1488609280,6957048412,781,804700,0,0,0,0,0,0,0,0,91,0,10
2985,4326400,1597505536,1488609280,6957048412,781,804700,0,0,0,0,0,0,0,0,91,0,10
2986,4251500,1597517824,1488609280,6957048412,781,804700,0,0,0,0,0,0,0,0,91,0,10
2987,10764100,1600004096,1488609280,6957048412,782,722655,0,0,0,0,0,0,0,0,91,0,10
2988,5312100,1600004096,1488609280,6957048412,782,722655,0,0,0,0,0,0,0,0,91,0,10
2989,7955000,1602830336,1488609280,6957048412,783,563044,0,0,0,0,0,0,0,0,91,0,10
2990,4056800,1602887680,1488609280,6957048412,783,563044,0,0,0,0,0,0,0,0,91,0,10
2991,4654400,1602891776,1488609280,6957048412,783,563044,0,0,0,0,0,0,0,0,91,0,10
2992,9710000,1605664768,1488609280,6957048412,784,334823,0,0,0,0,0,0,0,0,91,0,10
2993,5011300,1605668864,1488609280,6957048412,784,334823,0,0,0,0,0,0,0,0,91,0,10
2994,3801000,1605672960,1488609280,6957048412,784,334823,0,0,0,0,0,0,0,0,91,0,10
2995,9242200,1608134656,1488609280,6957048412,785,201059,0,0,0,0,0,0,0,0,91,0,10
2996,4846400,1608138752,1488609280,6957048412,785,201059,0,0,0,0,0,0,0,0,91,0,10
2997,8135600,1606262784,1488609280,6957048412,786,203544,0,0,0,0,0,0,0,0,91,0,10
2998,6202500,1605181440,1488609280,6957048412,786,203544,0,0,0,0,0,0,0,0,91,0,10
2999,4557400,1605201920,1488609280,6957048412,786,203544,0,0,0,0,0,0,0,0,91,0,10
3000,11804300,1598214144,1488609280,6957048412,787,179944,0,0,0,0,0,0,0,0,91,0,10
3001,4939200,1598218240,1488609280,6957048412,787,179944,0,0,0,0,0,0,0,0,91,0,10
3002,10883000,1595719680,1488609280,6957048412,788,637470,0,0,0,0,0,0,0,0,91,0,10
3003,4209100,1594961920,1488609280,6957048412,788,637470,0,0,0,0,0,0,0,0,91,0,10
3004,8194700,1594155008,1488609280,6957048412,789,799355,0,0,0,0,0,0,0,0,91,0,10
3005,5561100,1594089472,1488609280,6957048412,789,799355,0,0,0,0,0,0,0,0,91,0,10
3006,3708300,1594093568,1488609280,6957048412,789,799355,0,0,0,0,0,0,0,0,91,0,10
3007,8315400,1595170816,1488609280,6957048412,790,731701,0,0,0,0,0,0,0,0,91,0,10
3008,4637000,1594458112,1488609280,6957048412,790,731701,0,0,0,0,0,0,0,0,91,0,10
3009,4996100,1594462208,1488609280,6957048412,790,731701,0,0,0,0,0,0,0,0,91,0,10
3010,11153600,1589305344,1488609280,6957048412,791,815379,0,0,0,0,0,0,0,0,91,0,10
3011,3724600,1589313536,1488609280,6957048412,791,815379,0,0,0,0,0,0,0,0,91,0,10
3012,7571700,1588649984,1488609280,6957048412,792,721819,0,0,0,0,0,0,0,0,91,0,10
3013,4968700,1587888128,1488609280,6957048412,792,721819,0,0,0,0,0,0,0,0,91,0,10
3014,3591300,1587892224,1488609280,6957048412,792,721819,0,0,0,0,0,0,0,0,91,0,10
3015,8467300,1582964736,1488609280,6957048412,793,644281,0,0,0,0,0,0,0,0,91,0,10
3016,4417600,1583050752,1488609280,6957048412,793,644281,0,0,0,0,0,0,0,0,91,0,10
3017,4276800,1583063040,1488609280,6957048412,793,644281,0,0,0,0,0,0,0,0,91,0,10
3018,13139100,1569263616,1488609280,6957048628,794,401195,0,0,0,0,0,0,0,0,91,0,10
3019,8330900,1558622208,1488609280,6957048628,795,724857,0,0,0,0,0,0,0,0,91,0,10
3020,5752300,1557110784,1488609280,6957048628,795,724857,0,0,0,0,0,0,0,0,91,0,10
3021,4460000,1557114880,1488609280,6957048628,795,724857,0,0,0,0,0,0,0,0,91,0,10
3022,7264700,1548099584,1488609280,6957048628,796,345707,0,0,0,0,0,0,0,0,91,0,10
3023,5277500,1544269824,1488609280,6957048628,796,345707,0,0,0,0,0,0,0,0,91,0,10
3024,4071400,1544278016,1488609280,6957048628,796,345707,0,0,0,0,0,0,0,0,91,0,10
3025,8745400,1530273792,1488609280,6957048628,797,347008,0,0,0,0,0,0,0,0,91,0,10
3026,3653800,1530277888,1488609280,6957048628,797,347008,0,0,0,0,0,0,0,0,91,0,10
3027,2630500,1530286080,1488609280,6957048628,797,347008,0,0,0,0,0,0,0,0,91,0,10
3028,6610500,1526288384,1488609280,6957048628,798,358900,0,0,0,0,0,0,0,0,91,0,10
3029,4280400,1525354496,1488609280,6957048628,798,358900,0,0,0,0,0,0,0,0,91,0,10
3030,4781300,1525366784,1488609280,6957048628,798,358900,0,0,0,0,0,0,0,0,91,0,10
3031,8380200,1520300032,1488609280,6957048628,799,180523,0,0,0,0,0,0,0,0,91,0,10
3032,6162300,1515712512,1488609280,6957048628,799,180523,0,0,0,0,0,0,0,0,91,0,10
3033,4433100,1515724800,1488609280,6957048628,799,180523,0,0,0,0,0,0,0,0,91,0,10
3034,7415200,1513021440,1488609280,6957048412,800,246021,0,0,0,0,0,0,0,0,91,0,10
3035,5611400,1505927168,1488609280,6957048412,800,246021,0,0,0,0,0,0,0,0,91,0,10
3036,4059900,1505939456,1488609280,6957048412,800,246021,0,0,0,0,0,0,0,0,91,0,10
3037,8608100,1497329664,1488609280,6957048412,801,582251,0,0,0,0,0,0,0,0,91,0,10
3038,5017300,1496518656,1488609280,6957048412,801,582251,0,0,0,0,0,0,0,0,91,0,10
3039,7471100,1492312064,1488609280,6957048412,802,689879,0,0,0,0,0,0,0,0,91,0,10
3040,4578600,1491697664,1488609280,6957048412,802,689879,0,0,0,0,0,0,0,0,91,0,10
3041,3747900,1491705856,1488609280,6957048412,802,689879,0,0,0,0,0,0,0,0,91,0,10
3042,3519300,1491722240,1488609280,6957048412,802,689879,0,0,0,0,0,0,0,0,91,0,10
3043,8867400,1486893056,1488609280,6957048412,803,461121,0,0,0,0,0,0,0,0,91,0,10
3044,4278600,1486905344,1488609280,6957048412,803,461121,0,0,0,0,0,0,0,0,91,0,10
3045,8209800,1482915840,1488609280,6957048412,804,274221,0,0,0,0,0,0,0,0,91,0,10
3046,5273900,1477791744,1488609280,6957048412,804,274221,0,0,0,0,0,0,0,0,91,0,10
3047,4011600,1477795840,1488609280,6957048412,804,274221,0,0,0,0,0,0,0,0,91,0,10
3048,11042200,1462083584,1488609280,6957048412,805,340159,0,0,0,0,0,0,0,0,91,0,10
3049,4470100,1460346880,1488609280,6957048412,805,340159,0,0,0,0,0,0,0,0,91,0,10
3050,12989400,1451491328,1488609280,6957048412,806,584307,0,0,0,0,0,0,0,0,91,0,10
3051,6135600,1451511808,1488609280,6957048412,806,584307,0,0,0,0,0,0,0,0,91,0,10
3052,6310300,1442414592,1488609280,6957048412,807,505010,0,0,0,0,0,0,0,0,91,0,10
3053,8056400,1439059968,1488609280,6957048412,807,505010,0,0,0,0,0,0,0,0,91,0,10
3054,11561900,1436422144,1488609280,6957048412,808,191795,0,0,0,0,0,0,0,0,91,0,10
3055,5888100,1436553216,1488609280,6957048412,808,191795,0,0,0,0,0,0,0,0,91,0,10
3056,10473500,1438842880,1488609280,6957048412,809,107644,0,0,0,0,0,0,0,0,91,0,10
3057,3767200,1438851072,1488609280,6957048412,809,107644,0,0,0,0,0,0,0,0,91,0,10
3058,4342300,1439617024,1488609280,6957048412,810,194093,0,0,0,0,0,0,0,0,91,0,10
3059,2420100,1440063488,1488609280,6957048412,810,194093,0,0,0,0,0,0,0,0,91,0,10
3060,5459700,1440702464,1488609280,6957048412,810,194093,0,0,0,0,0,0,0,0,91,0,10
3061,7803400,1441193984,1488609280,6957048412,810,194093,0,0,0,0,0,0,0,0,91,0,10
3062,13187500,1443434496,1488609280,6957048412,811,514907,0,0,0,0,0,0,0,0,91,0,10
3063,13513500,1445511168,1488609280,6957048412,812,350286,0,0,0,0,0,0,0,0,91,0,10
3064,8471900,1445634048,1488609280,6957048412,812,350286,0,0,0,0,0,0,0,0,91,0,10
3065,13935800,1449869312,1488609280,6957048412,813,501315,0,0,0,0,0,0,0,0,91,0,10
3066,14325500,1452888064,1488609280,6973825628,814,584758,0,0,0,0,0,0,0,0,91,0,10
3067,10104900,1456082944,1488609280,6973825628,815,444809,0,0,0,0,0,0,0,0,91,0,10
3068,6963800,1456238592,1488609280,6973825628,815,444809,0,0,0,0,0,0,0,0,91,0,10
3069,211529800,1466634240,1488609280,6990582108,816,586403,0,0,0,0,0,0,0,0,91,0,10
3070,25283500,1469923328,1488609280,6990603060,824,0,0,0,0,0,0,0,0,0,91,0,10
3071,10816900,1472331776,1488609280,6990603060,830,87893,0,0,0,0,0,0,0,0,91,0,10
3072,13955100,1474711552,1488609280,6990603060,831,0,0,0,0,0,0,0,0,0,91,0,10
3073,8061800,1474744320,1488609280,6990603060,831,0,0,0,0,0,0,0,0,0,91,0,10
3074,15895400,1476907008,1488609280,6990603060,832,94982,0,0,0,0,0,0,0,0,91,0,10
3075,13004000,1478877184,1488609280,6990603060,833,94027,0,0,0,0,0,0,0,0,91,0,10
3076,20672500,1480245248,1488609280,6990603060,834,88616,0,0,0,0,0,0,0,0,91,0,10
3077,14986100,1482231808,1488609280,7007380060,835,150614,0,0,0,0,0,0,0,0,91,0,10
3078,12066800,1483538432,1488609280,7024157276,836,433771,0,0,0,0,0,0,0,0,91,0,10
3079,17453400,1485045760,1488609280,7057711708,837,585741,0,0,0,0,0,0,0,0,91,0,10
3080,17227200,1487073280,1488609280,7091266140,838,261914,0,0,0,0,0,0,0,0,91,0,10
3081,494277900,1493139456,1488609280,7108028236,839,263283,0,0,0,0,0,0,0,0,91,0,10
3082,472142300,1517666304,1488609280,7108028452,849,0,0,0,0,0,0,0,0,0,91,0,10
3083,352080500,1515499520,1488609280,7108028452,865,0,0,0,0,0,0,0,0,0,91,0,10
3084,353894900,1523097600,1488609280,7108028452,881,0,0,0,0,0,0,0,0,0,91,0,10
3085,342980700,1529675776,1488609280,7108028452,897,0,0,0,0,0,0,0,0,0,91,0,10
3086,336846400,1538027520,1488609280,7108028452,913,0,0,0,0,0,0,0,0,0,91,0,10
3087,307077200,1548894208,1488609280,7108028452,929,0,0,0,0,0,0,0,0,0,91,0,10
3088,15686300,1549471744,1488609280,7108082776,945,0,0,0,0,0,0,0,0,0,91,0,10
3089,303812600,1554567168,1488609280,7108028236,949,0,0,0,0,0,0,0,0,0,91,0,10
3090,18436400,1552076800,1488609280,7108043464,962,0,0,0,0,0,0,0,0,0,91,0,10
3091,367143100,1530744832,1488609280,7108028236,966,0,0,0,0,0,0,0,0,0,91,0,10
3092,421012900,1535918080,1488609280,7108028344,979,0,0,0,0,0,0,0,0,0,91,0,10
3093,364220300,1543327744,1488609280,7108028344,995,0,0,0,0,0,0,0,0,0,91,0,10
3094,336018200,1547591680,1488609280,7108028344,1011,0,0,0,0,0,0,0,0,0,91,0,10
3095,363553600,1549967360,1488609280,7108028344,1027,0,0,0,0,0,0,0,0,0,91,0,10
3096,300418100,1553547264,1488609280,7108028344,1043,0,0,0,0,0,0,0,0,0,91,0,10
3097,13307900,1555537920,1488609280,7108066252,1059,0,0,0,0,0,0,0,0,0,91,0,10
3098,373238000,1558315008,1488609280,7108028236,1063,0,0,0,0,0,0,0,0,0,91,0,10
3099,346026400,1561128960,1488609280,7108028344,1076,0,0,0,0,0,0,0,0,0,91,0,10
3100,366827500,1562329088,1488609280,7108028344,1092,0,0,0,0,0,0,0,0,0,91,0,10
3101,333888700,1564119040,1488609280,7108028344,1108,0,0,0,0,0,0,0,0,0,91,0,10
3102,344388200,1567031296,1488609280,7108028344,1124,0,0,0,0,0,0,0,0,0,91,0,10
3103,308234200,1569832960,1488609280,7108028344,1140,0,0,0,0,0,0,0,0,0,91,0,10
3104,12497000,1572438016,1488609280,7108130188,1156,0,0,0,0,0,0,0,0,0,91,0,10
3105,3538700,1572438016,1488609280,7108130188,1156,0,0,0,0,0,0,0,0,0,91,0,10
3106,2565000,1572438016,1488609280,7108130188,1156,0,0,0,0,0,0,0,0,0,91,0,10
3107,341501500,1573470208,1488609280,7108028236,1160,0,0,0,0,0,0,0,0,0,91,0,10
3108,324285600,1575591936,1488609280,7108028344,1173,0,0,0,0,0,0,0,0,0,91,0,10
3109,13055300,1577283584,1488609280,7108110748,1189,0,0,0,0,0,0,0,0,0,91,0,10
3110,355508000,1579745280,1488609280,7108028236,1193,0,0,0,0,0,0,0,0,0,91,0,10
3111,636765700,1557123072,1488609280,7108028344,1206,0,0,0,0,0,0,0,0,0,91,0,10
3112,387198400,1559134208,1488609280,7108028344,1222,0,0,0,0,0,0,0,0,0,91,0,10
3113,362983100,1561726976,1488609280,7108028344,1238,0,0,0,0,0,0,0,0,0,91,0,10
3114,395080500,1564364800,1488609280,7108028344,1254,0,0,0,0,0,0,0,0,0,91,0,10
3115,363966300,1566867456,1488609280,7108028344,1270,0,0,0,0,0,0,0,0,0,91,0,10
3116,351984200,1569443840,1488609280,7108028344,1286,0,0,0,0,0,0,0,0,0,91,0,10
3117,373832900,1572061184,1488609280,7108028344,1302,0,0,0,0,0,0,0,0,0,91,0,10
3118,369949000,1574346752,1488609280,7108028452,1318,0,0,0,0,0,0,0,0,0,91,0,10
3119,382413100,1566150656,1488609280,7108028344,1334,0,0,0,0,0,0,0,0,0,91,0,10
3120,386198900,1557590016,1488609280,7108028344,1350,0,0,0,0,0,0,0,0,0,91,0,10
3121,374676800,1551831040,1488609280,7108028344,1366,0,0,0,0,0,0,0,0,0,91,0,10
3122,526173400,1560023040,1488609280,7108028344,1382,0,0,0,0,0,0,0,0,0,91,0,10
3123,375214100,1565507584,1488609280,7108028344,1398,0,0,0,0,0,0,0,0,0,91,0,10
3124,305908100,1567371264,1488609280,7108028344,1414,0,0,0,0,0,0,0,0,0,91,0,10
3125,18479100,1568243712,1488609280,7108049620,1430,0,0,0,0,0,0,0,0,0,97,0,10
3126,347828700,1569738752,1488609280,7108028236,1434,0,0,0,0,0,0,0,0,0,97,0,10
3127,421950300,1571508224,1488609280,7108028344,1447,0,0,0,0,0,0,0,0,0,97,0,10
3128,345368000,1573691392,1488609280,7108028344,1463,0,0,0,0,0,0,0,0,0,97,0,10
3129,417346600,1575751680,1488609280,7108028560,1479,0,0,0,0,0,0,0,0,0,97,0,10
3130,451195600,1578229760,1488609280,7108028344,1495,0,0,0,0,0,0,0,0,0,103,0,10
3131,436768500,1579413504,1488609280,7108028344,1511,0,0,0,0,0,0,0,0,0,103,0,10
3132,424606700,1580978176,1488609280,7108028344,1527,0,0,0,0,0,0,0,0,0,103,0,10
3133,436216000,1581817856,1488609280,7108028344,1543,0,0,0,0,0,0,0,0,0,103,0,10
3134,607803800,1584480256,1488609280,7108028344,1559,0,0,0,0,0,0,0,0,0,103,0,10
3135,457564100,1585942528,1488609280,7108028344,1575,0,0,0,0,0,0,0,0,0,103,0,10
3136,499145500,1578774528,1488609280,7108028344,1591,0,0,0,0,0,0,0,0,0,103,0,10
3137,537284700,1581043712,1488609280,7108028344,1607,0,0,0,0,0,0,0,0,0,103,0,10
3138,470896100,1582706688,1488609280,7108028452,1623,0,0,0,0,0,0,0,0,0,103,0,10
3139,417816700,1583955968,1488609280,7108028344,1639,0,0,0,0,0,0,0,0,0,103,0,10
3140,441450900,1585713152,1488609280,7108028344,1655,0,0,0,0,0,0,0,0,0,103,0,10
3141,447051300,1577500672,1488609280,7108028452,1671,0,0,0,0,0,0,0,0,0,103,0,10
3142,476098400,1572245504,1488609280,7108028344,1687,0,0,0,0,0,0,0,0,0,103,0,10
3143,465800200,1574445056,1488609280,7108028344,1703,0,0,0,0,0,0,0,0,0,103,0,10
3144,545860000,1581088768,1488609280,7108028344,1719,0,0,0,0,0,0,0,0,0,104,0,10
3145,517856500,1583001600,1488609280,7124805560,1735,0,0,0,0,0,0,0,0,0,104,0,10
3146,419671400,1585381376,1488609280,7124805560,1751,0,0,0,0,0,0,0,0,0,104,0,10
3147,560171900,1587548160,1488609280,7124805560,1767,0,0,0,0,0,0,0,0,0,110,0,10
3148,555414300,1589608448,1488609280,7124805560,1783,0,0,0,0,0,0,0,0,0,111,0,10
3149,562451300,1591857152,1488609280,7124805776,1799,0,0,0,0,0,0,0,0,0,111,0,10
3150,521163600,1594163200,1488609280,7124805668,1815,0,0,0,0,0,0,0,0,0,111,0,10
3151,509170400,1595936768,1488609280,7124805560,1831,0,0,0,0,0,0,0,0,0,111,0,10
3152,563210100,1598029824,1488609280,7124805560,1847,0,0,0,0,0,0,0,0,0,118,0,10
3153,577661100,1587470336,1488609280,7124805560,1863,0,0,0,0,0,0,0,0,0,118,0,10
3154,634494800,1588068352,1488609280,7141582884,1879,0,0,0,0,0,0,0,0,0,118,0,10
3155,580045200,1589682176,1488609280,7141582776,1895,0,0,0,0,0,0,0,0,0,118,0,10
3156,561289400,1592066048,1488609280,7141582776,1911,0,0,0,0,0,0,0,0,0,118,0,10
3157,620066400,1594183680,1488609280,7141582776,1927,0,0,0,0,0,0,0,0,0,118,0,10
3158,574843800,1596301312,1488609280,7141582776,1943,0,0,0,0,0,0,0,0,0,118,0,10
3159,574884100,1598099456,1488609280,7141582776,1959,0,0,0,0,0,0,0,0,0,118,0,10
3160,510812100,1599873024,1488609280,7141582776,1975,0,0,0,0,0,0,0,0,0,118,0,10
3161,571976600,1601847296,1488609280,7141582884,1991,0,0,0,0,0,0,0,0,0,118,0,10
3162,529864000,1603858432,1488609280,7141582776,2007,0,0,0,0,0,0,0,0,0,118,0,10
3163,614501600,1606901760,1488609280,7141582776,2023,0,0,0,0,0,0,0,0,0,118,0,10
3164,548586500,1607835648,1488609280,7141582776,2039,0,0,0,0,0,0,0,0,0,118,0,10
3165,559466300,1609363456,1488609280,7141582776,2055,0,0,0,0,0,0,0,0,0,118,0,10
3166,583979800,1611345920,1488609280,7141582776,2071,0,0,0,0,0,0,0,0,0,118,0,10
3167,589751600,1612283904,1488609280,7141582776,2087,0,0,0,0,0,0,0,0,0,118,0,10
3168,558215000,1613717504,1488609280,7141582776,2103,0,0,0,0,0,0,0,0,0,118,0,10
3169,569815700,1615175680,1488609280,7158359992,2119,0,0,0,0,0,0,0,0,0,118,0,10
3170,509852800,1616441344,1488609280,7158360100,2135,0,0,0,0,0,0,0,0,0,119,0,10
3171,587488600,1623142400,1488609280,7158360100,2151,0,0,0,0,0,0,0,0,0,119,0,10
3172,552405900,1626419200,1488609280,7158359992,2167,0,0,0,0,0,0,0,0,0,119,0,10
3173,568647800,1628213248,1488609280,7158359992,2183,0,0,0,0,0,0,0,0,0,119,0,10
3174,533816400,1629679616,1488609280,7158359992,2199,0,0,0,0,0,0,0,0,0,119,0,10
3175,615053900,1631444992,1488609280,7158359992,2215,0,0,0,0,0,0,0,0,0,119,0,10
3176,526181900,1633697792,1488609280,7158359992,2231,0,0,0,0,0,0,0,0,0,119,0,10
3177,582448100,1635426304,1488609280,7158359992,2247,0,0,0,0,0,0,0,0,0,119,0,10
3178,550837100,1637130240,1488609280,7158359992,2263,0,0,0,0,0,0,0,0,0,119,0,10
3179,590716600,1634717696,1488609280,7158360100,2279,0,0,0,0,0,0,0,0,0,119,0,10
3180,513892500,1636077568,1488609280,7158360100,2295,0,0,0,0,0,0,0,0,0,119,0,10
3181,659968100,1638248448,1488609280,7175137208,2311,0,0,0,0,0,0,0,0,0,119,0,10
3182,573730700,1640218624,1488609280,7175137208,2327,0,0,0,0,0,0,0,0,0,119,0,10
3183,612762400,1641697280,1488609280,7175137208,2343,0,0,0,0,0,0,0,0,0,119,0,10
3184,558830100,1644085248,1488609280,7175137208,2359,0,0,0,0,0,0,0,0,0,119,0,10
3185,568883000,1645449216,1488609280,7175137316,2375,0,0,0,0,0,0,0,0,0,119,0,10
3186,542578600,1648222208,1488609280,7175137208,2391,0,0,0,0,0,0,0,0,0,119,0,10
3187,597164400,1650372608,1488609280,7175137424,2407,0,0,0,0,0,0,0,0,0,120,0,10
3188,576616600,1652158464,1488609280,7191914424,2423,0,0,0,0,0,0,0,0,0,120,0,10
3189,765435600,1657180160,1488609280,7191914424,2439,0,0,0,0,0,0,0,0,0,120,0,10
3190,650000800,1658146816,1488609280,7191914532,2455,0,0,0,0,0,0,0,0,0,120,0,10
3191,628800500,1649520640,1488609280,7191914424,2471,0,0,0,0,0,0,0,0,0,120,0,10
3192,646090800,1651494912,1488609280,7208691640,2487,0,0,0,0,0,0,0,0,0,120,0,10
3193,634407600,1652973568,1488609280,7208691640,2503,0,0,0,0,0,0,0,0,0,120,0,10
3194,617740600,1654226944,1488609280,7208691640,2519,0,0,0,0,0,0,0,0,0,120,0,10
3195,674676900,1655574528,1488609280,7208691640,2535,0,0,0,0,0,0,0,0,0,120,0,10
3196,664956200,1656549376,1488609280,7208691640,2551,0,0,0,0,0,0,0,0,0,120,0,10
3197,621995100,1657434112,1488609280,7225468856,2567,0,0,0,0,0,0,0,0,0,120,0,10
3198,1080151500,1662599168,1488609280,7242246180,2583,0,0,0,0,0,0,0,0,0,120,0,10
3199,1158491500,1749348352,1488609280,7242246072,2599,0,0,0,0,0,0,0,0,0,120,0,9
